CardID,UseCommon,CardName,CardNum,BattleBonus,PlayBonus,Priority,Tag1.Type,Tag1.Arg,Tag1.Condition,Tag2.Type,Tag2.Arg,Tag2.Condition,Tag3.Type,Tag3.Arg,Tag3.Condition,Tag4.Type,Tag4.Arg,Tag4.Condition,Tag5.Type,Tag5.Arg,Tag5.Condition,Tag6.Type,Tag6.Arg,Tag6.Condition,Tag7.Type,Tag7.Arg,Tag7.Condition,Tag8.Type,Tag8.Arg,Tag8.Condition,Tag9.Type,Tag9.Arg,Tag9.Condition,Tag10.Type,Tag10.Arg,Tag10.Condition,Tag11.Type,Tag11.Arg,Tag11.Condition,Tag12.Type,Tag12.Arg,Tag12.Condition,Tag13.Type,Tag13.Arg,Tag13.Condition,Tag14.Type,Tag14.Arg,Tag14.Condition,Tag15.Type,Tag15.Arg,Tag15.Condition,Tag16.Type,Tag16.Arg,Tag16.Condition,Tag17.Type,Tag17.Arg,Tag17.Condition,Tag18.Type,Tag18.Arg,Tag18.Condition,Tag19.Type,Tag19.Arg,Tag19.Condition,Tag20.Type,Tag20.Arg,Tag20.Condition,End
820144020,〇,粛清の神託,5,0,0,100,playDraw,7 - HAND_COUNT ( ALL ),HAND_COUNT ( ALL ) < 7,playChangeCost,ALLY ; ALL_SELECT ; ADD ; -3,IS_EVO_TURN,playBonus,3 * HAND_COUNT ( ALL ),IS_EVO_TURN,mlgKeep,,,,,,,,,,,,,,,,,,,,,,,,,,,,,,,,,,,,,,,,,,,,,,,,,,,
108634010,〇,眷属への贈り物,3,0,0,,playToken,@900611010 ; 1 ; BOTH,,,,,,,,,,,,,,,,,,,,,,,,,,,,,,,,,,,,,,,,,,,,,,,,,,,,,,,,,,,
820644040,〇,蜘蛛斬り作法,1,0,0,-5,playDiscard,ALLY ; MIN_COST ; RANDOM_SELECT ; 1,,playBonus,-3,,playBonus,6,HAND_COUNT ( ALL ) >= 8,mlgChange,,,,,,,,,,,,,,,,,,,,,,,,,,,,,,,,,,,,,,,,,,,,,,,,,,,
115814010,〇,コンセントレイト,3,0,0,,,,,,,,,,,,,,,,,,,,,,,,,,,,,,,,,,,,,,,,,,,,,,,,,,,,,,,,,,,,,,
118834010,〇,狭間の生成,7,0,0,5,mlgChange,,,,,,,,,,,,,,,,,,,,,,,,,,,,,,,,,,,,,,,,,,,,,,,,,,,,,,,,,,,,
122814010,〇,改良実験,3,0,0,20,playTokenDraw,@900811050 ; 1,,playBonus,2,,,,,,,,,,,,,,,,,,,,,,,,,,,,,,,,,,,,,,,,,,,,,,,,,,,,,,,,
820444060,〇,ミズチの一刀,4,0,0,-10,playBonus,-100,"PLAYED_NAME_COUNT ( ALLY , !SELF , TURN ) == 0",playDamage,ENEMY ; FOLLOWER ; ALL_SELECT ; 1 ; 1,"PLAYED_NAME_COUNT ( ALLY , !SELF , TURN ) >= 1",playChangeCost,ALLY ; ALL_SELECT ; ADD ; -1,"PLAYED_NAME_COUNT ( ALLY , !SELF , TURN ) >= 1",playHeal,ALLY ; ALL_SELECT ; 1,"PLAYED_NAME_COUNT ( ALLY , !SELF , TURN ) >= 2",playDraw,1,"PLAYED_NAME_COUNT ( ALLY , !SELF , TURN ) >= 2",playAttachTag,ALLY ; CLASS ; ALL_SELECT ; 1 ; WHEN_ALLY_TURNEND ; { changeInplayImmediateDamageModifier } ; { ALLY ; ADD ; 1 } ; { },"PLAYED_NAME_COUNT ( ALLY , !SELF , TURN ) >= 3",playDamage,ENEMY ; FOLLOWER ; ALL_SELECT ; 1 ; 1,"PLAYED_NAME_COUNT ( ALLY , !SELF , TURN ) >= 4",playChangeCost,ALLY ; ALL_SELECT ; ADD ; -1,"PLAYED_NAME_COUNT ( ALLY , !SELF , TURN ) >= 4",playHeal,ALLY ; ALL_SELECT ; 1,"PLAYED_NAME_COUNT ( ALLY , !SELF , TURN ) >= 5",playDraw,1,"PLAYED_NAME_COUNT ( ALLY , !SELF , TURN ) >= 5",playAttachTag,ALLY ; CLASS ; ALL_SELECT ; 1 ; WHEN_ALLY_TURNEND ; { changeInplayImmediateDamageModifier } ; { ALLY ; ADD ; 1 } ; { },"PLAYED_NAME_COUNT ( ALLY , !SELF , TURN ) >= 6",playDamage,ENEMY ; FOLLOWER ; ALL_SELECT ; 1 ; 1,"PLAYED_NAME_COUNT ( ALLY , !SELF , TURN ) >= 7",playChangeCost,ALLY ; ALL_SELECT ; ADD ; -1,"PLAYED_NAME_COUNT ( ALLY , !SELF , TURN ) >= 7",playHeal,ALLY ; ALL_SELECT ; 1,"PLAYED_NAME_COUNT ( ALLY , !SELF , TURN ) >= 8",playDraw,1,"PLAYED_NAME_COUNT ( ALLY , !SELF , TURN ) >= 8",playAttachTag,ALLY ; CLASS ; ALL_SELECT ; 1 ; WHEN_ALLY_TURNEND ; { changeInplayImmediateDamageModifier } ; { ALLY ; ADD ; 1 } ; { },"PLAYED_NAME_COUNT ( ALLY , !SELF , TURN ) >= 9",priority,25,"PLAYED_NAME_COUNT ( ALLY , !SELF , TURN ) >= 3",priority,35,"PLAYED_NAME_COUNT ( ALLY , !SELF , TURN ) >= 6",priority,50,"PLAYED_NAME_COUNT ( ALLY , !SELF , TURN ) >= 9",mlgKeep,,,
101314020,〇,運命の導き,9,0,0,,playBonus,8 - 4 * OWN_COST,,priority,80,OWN_COST == 0,priority,35,OWN_COST == 1,priority,10,OWN_COST == 2,,,,,,,,,,,,,,,,,,,,,,,,,,,,,,,,,,,,,,,,,,,,,,,,,
101334020,〇,次元の超越,5,0,0,-100,costBonus,BEFORE_PLAYPTN_COUNT ( SPELL ),,playBonus,500,,mlgKeep,,,,,,,,,,,,,,,,,,,,,,,,,,,,,,,,,,,,,,,,,,,,,,,,,,,,,,
